Months,Average of Max temp,Average of mean,Average of Min,Average of Vapour Pressure,Average of wind speed,Average of precitation,Average of shortwave radiation,Average of Mean Dew point,Cloud Amount,CO2,PM2.5,Mean Sea level Bay ofBengal,Mean sea level Arabian sea,Mea sea level Indian ocean,SPI_3,SPI_6,SPI_12,SPEI_3,SPEI_6,SPEI_12,DroughtBinary,Year,ClassLabel
5,4,5,2,1,1,2,1,2,0,4,4,2,2,4,4,4,4,4,4,4,1,1995,Normal
4,2,2,2,1,2,4,0,2,1,4,4,2,1,2,4,4,4,4,4,4,1,1995,Normal
8,0,1,1,3,2,2,0,2,1,4,4,2,1,2,4,4,4,4,4,4,1,1995,Normal
0,0,0,0,3,2,2,0,0,1,4,4,1,0,3,4,4,4,4,4,4,1,1995,Normal
10,1,1,3,0,1,0,0,3,0,4,4,1,0,0,4,4,4,4,4,4,1,1995,Normal
7,0,0,3,0,0,1,0,0,0,4,4,1,1,1,4,4,4,4,4,4,1,1995,Normal
6,1,1,0,3,0,1,1,0,3,4,4,2,2,2,4,4,4,4,4,4,1,1995,Normal
1,1,1,0,0,1,0,0,0,0,4,4,2,2,4,4,4,4,4,4,4,1,1995,Normal
14,1,1,0,0,1,1,0,0,0,4,4,3,2,4,4,4,4,4,4,4,1,1995,Normal
13,2,2,1,3,3,0,1,3,0,4,4,3,2,4,4,4,4,4,4,4,1,1995,Normal
12,2,2,1,3,3,0,1,0,0,4,4,3,2,4,4,4,4,3,4,4,1,1995,Normal
3,2,5,2,2,0,4,1,2,2,4,4,2,2,2,3,4,4,3,0,0,1,1995,Normal
5,2,5,2,2,1,4,1,3,2,4,4,2,1,2,3,4,4,6,3,3,1,1996,Flood
4,2,2,2,2,1,3,0,2,1,4,4,2,1,2,6,3,4,1,6,3,1,1996,Flood
8,0,1,2,2,2,4,3,3,2,4,4,1,1,1,4,3,4,6,6,3,1,1996,Flood
0,0,3,0,0,3,1,0,0,0,4,4,1,0,1,4,3,4,4,6,3,1,1996,Flood
10,3,3,3,3,1,2,0,3,1,4,4,1,0,3,4,3,3,3,0,3,1,1996,Flood
7,1,1,0,0,0,0,1,0,0,4,4,1,1,1,4,4,4,4,4,3,1,1996,Flood
6,1,1,0,1,0,1,1,1,3,4,4,2,2,3,4,4,4,4,4,3,1,1996,Flood
1,1,1,0,3,0,1,1,1,3,4,4,3,2,4,4,4,3,4,4,6,1,1996,Flood
14,3,2,1,3,1,0,1,3,3,4,4,3,4,4,4,4,4,4,4,3,1,1996,Flood
13,2,2,1,0,3,0,1,0,0,4,4,3,4,4,4,4,4,4,4,3,1,1996,Flood
12,2,2,2,1,2,1,1,1,0,4,4,3,4,4,4,4,4,4,4,3,1,1996,Flood
3,4,5,2,1,1,0,2,1,0,4,4,3,2,4,4,4,4,4,4,4,1,1996,Flood
5,2,5,2,3,1,2,1,2,1,4,4,3,2,4,4,4,4,4,4,4,1,1997,Normal
4,3,2,2,2,2,4,0,4,2,4,4,3,2,4,4,4,4,4,4,4,1,1997,Normal
8,0,1,1,3,2,3,0,2,2,4,4,2,2,2,4,4,4,3,3,4,1,1997,Normal
0,3,1,0,3,3,3,0,1,1,4,4,1,1,1,4,4,4,4,3,4,1,1997,Normal
10,3,3,3,0,2,1,0,0,0,4,4,1,0,0,4,4,4,3,4,4,1,1997,Normal
7,3,0,3,3,0,1,0,1,0,4,4,1,0,3,4,3,4,4,4,4,1,1997,Normal
6,3,1,3,3,0,1,1,1,3,4,4,1,1,1,4,4,4,4,4,4,1,1997,Normal
1,3,1,0,1,0,2,1,1,3,4,4,2,2,4,4,4,4,4,4,4,1,1997,Normal
14,3,1,0,0,2,1,0,0,0,4,4,2,2,4,4,4,4,4,4,0,1,1997,Normal
13,2,2,1,0,3,0,1,0,0,4,4,2,2,2,4,4,4,4,4,4,1,1997,Normal
12,3,5,1,3,3,0,2,3,3,4,4,2,1,2,2,0,4,5,0,4,1,1997,Normal
3,3,5,2,0,2,0,2,0,0,4,4,2,1,2,5,2,4,5,0,0,1,1997,Normal
5,2,5,2,1,1,4,1,1,2,4,4,2,1,2,0,2,4,0,0,0,1,1998,Normal
4,3,2,2,1,2,4,0,1,2,4,4,2,1,2,4,2,4,4,0,0,1,1998,Normal
8,0,1,1,1,2,4,0,1,4,4,4,1,1,1,4,2,4,1,2,4,1,1998,Normal
0,3,3,3,3,2,2,0,0,1,4,4,1,0,3,0,0,4,1,4,4,1,1998,Normal
10,3,3,3,3,1,1,0,3,1,4,4,0,0,3,4,4,0,4,4,2,1,1998,Normal
7,3,3,3,3,0,1,0,0,0,4,4,1,1,1,4,4,0,4,6,4,1,1998,Normal
6,1,1,3,0,0,1,1,0,0,4,4,2,1,2,4,4,2,4,4,0,1,1998,Normal
1,3,1,0,3,2,0,1,3,0,4,4,2,2,4,4,4,0,4,4,2,1,1998,Normal
14,1,1,0,0,1,0,1,0,0,4,4,2,2,4,4,4,0,2,4,2,1,1998,Normal
13,2,2,1,0,2,1,1,0,0,4,4,3,2,4,4,4,2,4,4,2,1,1998,Normal
12,2,2,2,0,3,0,1,0,1,4,4,3,4,4,4,4,4,4,4,4,1,1998,Normal
3,4,5,2,1,1,0,2,1,1,4,4,3,2,4,4,2,4,4,0,4,1,1998,Normal
5,2,5,5,2,1,4,1,2,2,2,4,2,2,4,4,2,4,0,2,4,1,1999,Normal
4,2,2,2,1,1,2,0,2,4,2,4,2,2,4,2,4,0,2,0,4,1,1999,Normal
8,0,1,1,3,2,4,0,2,4,2,4,2,1,2,4,4,0,4,4,0,1,1999,Normal
0,3,0,0,1,2,2,0,1,1,2,4,2,1,2,4,4,2,4,4,2,1,1999,Normal
10,0,1,0,0,1,1,0,0,1,2,4,1,1,1,4,2,2,4,2,2,1,1999,Normal
7,0,1,0,1,0,2,0,1,0,2,4,2,1,2,4,4,2,4,4,2,1,1999,Normal
6,1,1,0,1,0,1,1,1,0,2,4,2,2,4,4,4,4,4,4,4,1,1999,Normal
1,3,1,0,1,0,3,0,1,0,2,4,3,2,4,0,4,4,3,4,4,1,1999,Normal
14,0,1,0,1,1,1,0,1,0,2,4,4,4,4,3,4,4,3,0,4,1,1999,Normal
13,2,2,1,3,3,0,1,3,0,2,4,4,4,4,4,4,4,4,4,4,1,1999,Normal
12,2,5,2,1,1,0,1,1,1,2,4,3,4,4,4,4,4,4,4,4,1,1999,Normal
3,4,5,2,1,1,2,1,1,2,2,4,3,2,4,4,4,4,4,4,4,1,1999,Normal
5,3,5,2,1,1,2,1,2,2,1,4,2,2,4,4,4,4,4,4,4,1,2000,Normal
4,2,2,2,1,2,1,1,1,1,1,4,2,2,4,4,4,4,4,4,4,1,2000,Normal
8,3,1,1,1,3,4,0,2,4,1,4,2,2,3,4,4,4,4,4,4,1,2000,Normal
0,3,0,3,3,2,2,0,0,2,1,4,2,1,2,4,4,4,4,4,4,1,2000,Normal
10,3,3,3,3,1,1,0,1,1,1,4,2,1,2,4,4,4,3,4,3,1,2000,Normal
7,3,1,3,1,0,2,1,1,0,1,4,2,1,2,4,4,0,4,4,3,1,2000,Normal
6,3,1,0,1,0,2,3,1,0,1,4,3,2,4,3,4,3,3,4,3,1,2000,Normal
1,3,3,0,3,0,0,1,0,0,1,4,3,2,4,4,4,4,4,4,4,1,2000,Normal
14,3,1,1,0,2,0,1,0,0,1,4,3,4,4,0,4,4,2,4,4,1,2000,Normal
13,2,2,1,3,3,1,1,0,0,1,4,3,2,4,2,4,4,2,4,4,1,2000,Normal
12,2,3,2,1,1,0,1,1,0,1,4,3,2,4,4,4,4,4,4,4,1,2000,Normal
3,3,5,2,3,1,1,1,2,2,1,4,3,2,4,4,4,4,4,4,4,1,2000,Normal
5,2,5,2,3,1,2,1,2,1,0,4,2,2,4,4,4,4,4,4,4,1,2001,Normal
4,1,2,2,3,3,4,0,2,2,0,4,3,2,4,4,4,4,4,4,4,1,2001,Normal
8,0,1,1,1,2,4,0,2,2,0,4,2,1,2,4,4,4,4,4,4,1,2001,Normal
0,3,1,0,0,3,1,0,0,0,0,4,1,1,1,4,4,4,4,4,4,1,2001,Normal
10,3,3,3,1,1,2,0,1,1,0,4,1,1,1,4,4,4,4,4,4,1,2001,Normal
7,3,1,3,1,0,3,1,1,0,0,4,2,1,2,4,4,4,4,4,4,1,2001,Normal
6,3,1,0,1,0,1,1,1,0,0,4,2,2,4,4,4,4,4,4,4,1,2001,Normal
1,3,1,0,1,0,2,3,1,0,0,4,3,4,4,4,4,4,4,4,4,1,2001,Normal
14,1,1,0,3,2,0,0,0,0,0,4,3,4,4,4,4,4,4,4,4,1,2001,Normal
13,2,2,1,0,3,0,1,0,0,0,4,3,4,4,4,4,4,4,4,4,1,2001,Normal
12,2,5,2,0,2,0,3,0,1,0,4,3,4,4,4,4,4,4,4,4,1,2001,Normal
3,4,5,2,1,1,1,2,1,1,0,4,3,2,4,4,4,4,4,4,4,1,2001,Normal
5,2,5,2,1,1,2,1,3,1,0,4,2,2,4,4,4,4,4,4,4,0,2002,Normal
4,2,5,2,1,1,1,1,2,2,0,4,2,2,4,4,4,4,4,4,4,0,2002,Normal
8,0,1,1,1,2,4,0,3,2,0,4,2,1,2,4,4,4,4,4,4,0,2002,Normal
0,3,3,3,3,2,2,0,0,2,0,4,1,0,0,3,3,4,3,3,0,0,2002,Normal
10,3,3,3,0,1,1,0,0,0,0,4,1,1,1,4,4,4,4,4,4,0,2002,Normal
7,0,0,3,3,0,3,0,0,0,0,4,2,1,2,4,4,4,4,4,4,0,2002,Normal
6,0,0,3,1,0,2,0,1,0,0,4,3,2,4,4,0,4,4,3,3,0,2002,Normal
1,3,1,0,1,0,2,1,1,0,0,4,3,2,4,3,3,3,6,6,3,0,2002,Normal
14,0,1,0,1,1,2,0,1,1,0,4,3,2,4,6,3,3,0,6,6,0,2002,Normal
13,2,2,1,0,3,0,1,3,0,0,4,3,2,4,4,4,4,4,4,3,0,2002,Normal
12,2,5,2,3,2,0,1,0,0,0,4,3,2,4,4,4,4,4,4,4,0,2002,Normal
3,2,5,2,3,1,2,1,2,1,0,4,2,2,4,4,4,4,4,4,4,0,2002,Normal
5,2,5,2,2,1,4,1,2,2,0,4,2,2,4,4,4,4,4,4,4,1,2003,Normal
4,3,2,2,1,2,3,0,1,2,0,4,2,1,2,4,4,4,4,4,4,1,2003,Normal
8,3,1,1,1,2,2,0,1,2,0,4,2,1,2,4,4,4,4,4,4,1,2003,Normal
0,3,0,3,3,2,2,0,3,1,0,4,1,0,0,4,4,4,4,4,4,1,2003,Normal
10,3,3,3,3,1,2,0,0,0,0,4,1,0,3,4,4,4,4,4,4,1,2003,Normal
7,3,0,3,3,0,1,0,0,0,0,4,1,0,3,4,4,4,4,4,4,1,2003,Normal
6,3,1,3,3,0,1,1,1,3,0,4,2,1,2,4,4,4,4,4,4,1,2003,Normal
1,1,1,0,3,0,1,1,0,0,0,4,3,2,4,4,4,4,4,4,4,1,2003,Normal
14,0,1,0,1,1,3,0,1,0,0,4,3,2,4,4,4,4,4,4,4,1,2003,Normal
13,2,2,1,3,3,0,1,3,0,0,4,3,2,4,4,4,4,4,4,4,1,2003,Normal
12,3,5,2,3,1,0,2,0,0,0,4,2,2,4,4,4,4,4,4,4,1,2003,Normal
3,2,5,2,1,1,2,1,2,2,0,4,2,2,2,4,4,4,4,4,4,1,2003,Normal
5,2,5,2,3,1,3,1,2,2,0,4,2,1,2,4,4,4,3,0,4,1,2004,Normal
4,3,2,2,2,1,4,0,4,2,0,4,2,1,2,3,4,4,1,3,0,1,2004,Normal
8,3,1,1,3,2,4,0,2,2,0,4,2,1,2,4,4,4,3,4,3,1,2004,Normal
0,3,3,3,0,2,2,0,0,1,0,4,1,1,1,4,4,4,4,3,3,1,2004,Normal
10,1,1,0,3,1,0,1,3,0,0,4,1,1,1,5,4,4,2,4,4,1,2004,Normal
7,3,1,0,3,0,3,0,1,0,0,4,1,1,1,5,5,4,2,4,4,1,2004,Normal
6,3,1,0,3,0,1,1,1,0,0,4,2,2,4,5,0,4,5,2,4,1,2004,Normal
1,3,1,0,1,0,2,0,1,0,0,4,3,2,4,4,4,4,4,4,4,1,2004,Normal
14,3,1,1,0,2,0,1,0,0,0,4,3,2,4,2,5,2,2,5,4,1,2004,Normal
13,2,2,1,3,2,0,1,3,0,0,4,3,2,4,2,5,2,2,5,4,1,2004,Normal
12,3,5,2,3,1,0,2,0,0,0,4,2,2,4,4,4,4,0,4,4,1,2004,Normal
3,3,5,2,1,1,2,1,2,2,0,4,2,1,2,4,4,2,4,4,4,1,2004,Normal
5,2,5,2,3,2,2,1,2,3,3,4,2,1,2,4,4,4,0,4,4,1,2005,Flood
4,1,2,2,2,2,2,0,3,4,3,4,2,1,2,3,4,4,3,4,4,1,2005,Flood
8,0,1,1,1,2,2,0,1,2,3,4,1,1,1,4,4,4,4,4,4,1,2005,Flood
0,1,1,0,3,3,0,0,3,1,3,4,1,1,1,0,4,2,4,4,0,1,2005,Flood
10,3,3,3,0,2,1,0,3,1,3,4,3,0,3,2,4,4,4,4,4,1,2005,Flood
7,0,0,3,3,0,1,0,0,0,3,4,1,0,0,4,4,4,4,4,4,1,2005,Flood
6,3,1,3,3,0,1,1,3,0,3,4,2,1,2,3,4,4,4,4,4,1,2005,Flood
1,3,1,0,1,0,1,0,1,0,3,4,2,2,2,3,4,4,4,4,4,1,2005,Flood
14,1,1,0,0,1,1,1,0,0,3,4,2,2,4,4,4,4,4,4,4,1,2005,Flood
13,2,2,1,3,3,3,1,3,0,3,4,2,2,4,4,4,4,4,4,4,1,2005,Flood
12,4,5,2,3,2,3,2,0,0,3,4,3,2,4,2,4,4,4,4,4,1,2005,Flood
3,4,5,2,1,1,1,2,1,1,3,4,2,2,4,2,4,4,0,4,4,1,2005,Flood
5,2,5,2,3,1,3,1,2,2,0,2,2,1,2,2,0,2,4,4,4,1,2006,Normal
4,3,2,2,2,2,4,0,4,2,0,2,2,1,2,4,2,2,4,4,4,1,2006,Normal
8,3,1,1,1,3,1,0,1,1,0,2,2,1,2,5,5,2,2,2,4,1,2006,Normal
0,3,0,0,3,3,2,0,0,2,0,2,1,1,1,4,2,4,4,0,4,1,2006,Normal
10,3,0,3,0,1,1,0,0,1,0,2,1,0,0,4,4,4,4,4,4,1,2006,Normal
7,3,0,3,3,1,1,0,0,0,0,2,1,0,3,4,4,4,4,4,4,1,2006,Normal
6,0,0,3,1,4,2,0,1,0,0,2,2,1,2,4,4,4,4,4,4,1,2006,Normal
1,3,1,0,3,0,1,0,1,0,0,2,2,2,4,4,4,2,0,4,4,1,2006,Normal
14,3,1,0,0,1,0,1,0,0,0,2,3,2,4,4,4,2,4,4,4,1,2006,Normal
13,2,2,1,3,3,0,1,3,0,0,2,2,2,4,4,4,4,0,4,4,1,2006,Normal
12,3,5,1,3,2,0,2,3,0,0,2,2,1,2,4,4,4,2,4,4,1,2006,Normal
3,3,5,2,1,1,2,1,1,1,0,2,2,1,2,4,4,4,4,4,4,1,2006,Normal
5,2,5,2,3,1,2,1,2,1,3,2,2,1,2,4,4,4,4,4,4,1,2007,Normal
4,2,2,2,3,2,2,0,2,4,3,2,2,1,2,4,4,4,3,4,4,1,2007,Normal
8,0,1,1,3,2,4,3,2,4,3,2,1,1,1,3,4,4,4,4,4,1,2007,Normal
0,0,0,0,0,3,1,0,0,2,3,2,3,0,3,4,4,4,4,4,4,1,2007,Normal
10,3,3,3,3,1,1,0,0,1,3,2,1,0,3,4,4,4,4,4,4,1,2007,Normal
7,1,1,3,0,1,0,1,0,0,3,2,1,0,3,4,4,4,4,4,4,1,2007,Normal
6,1,1,0,0,0,1,1,0,3,3,2,2,1,2,2,2,4,4,4,4,1,2007,Normal
1,3,1,0,0,1,0,1,0,0,3,2,2,2,4,2,5,0,4,4,0,1,2007,Normal
14,3,1,0,0,1,1,1,0,0,3,2,2,2,4,0,2,0,2,2,2,1,2007,Normal
13,2,2,1,0,2,3,1,0,0,3,2,3,2,4,0,2,4,0,2,4,1,2007,Normal
12,2,5,2,1,2,1,1,1,2,3,2,2,2,4,4,4,4,4,4,4,1,2007,Normal
3,3,5,2,1,1,0,2,1,1,3,2,2,1,2,4,4,4,4,4,4,1,2007,Normal
5,2,5,2,3,2,4,1,2,4,3,2,2,1,2,4,4,4,4,4,4,1,2008,Normal
4,3,2,2,1,2,2,0,2,2,3,2,2,1,2,2,4,4,4,4,4,1,2008,Normal
8,2,2,1,1,3,0,1,1,0,3,2,1,1,1,0,4,2,2,4,4,1,2008,Normal
0,0,0,3,0,3,2,0,0,1,3,2,1,0,3,5,4,2,5,4,4,1,2008,Normal
10,3,3,3,1,1,1,0,1,1,3,2,0,0,3,4,0,0,4,4,4,1,2008,Normal
7,0,0,3,1,0,1,0,1,0,3,2,1,0,3,4,4,4,4,4,4,1,2008,Normal
6,3,1,0,3,0,1,1,0,0,3,2,2,1,2,4,4,4,4,4,4,1,2008,Normal
1,1,1,0,0,1,0,1,0,0,3,2,2,2,4,4,4,4,0,2,0,1,2008,Normal
14,1,1,1,3,1,1,0,1,0,3,2,2,2,3,4,4,4,2,4,4,1,2008,Normal
13,2,2,1,0,3,0,1,0,0,3,2,2,1,2,4,4,4,5,0,4,1,2008,Normal
12,2,2,3,1,2,0,2,1,1,3,2,2,1,2,4,4,4,4,0,2,1,2008,Normal
3,4,5,2,1,1,1,1,1,2,3,2,2,1,2,4,4,4,0,0,2,1,2008,Normal
5,2,5,2,3,1,2,1,2,2,3,2,1,1,1,4,4,4,4,2,2,0,2009,Normal
4,1,2,2,2,2,4,0,4,4,3,2,1,3,1,4,4,4,3,4,2,0,2009,Normal
8,3,1,1,1,3,1,0,2,2,3,2,1,0,3,4,4,4,4,4,0,0,2009,Normal
0,3,3,0,3,2,2,0,1,1,3,2,0,0,3,4,4,4,4,4,4,0,2009,Normal
10,3,3,3,3,1,1,0,0,1,3,2,0,3,3,4,4,4,4,4,2,0,2009,Normal
7,0,0,3,0,0,1,0,0,0,3,2,1,0,3,4,4,4,4,4,2,0,2009,Normal
6,1,1,3,3,4,1,1,3,3,3,2,2,1,2,4,4,4,4,4,2,0,2009,Normal
1,3,1,0,3,1,1,0,0,0,3,2,2,2,4,4,4,4,4,4,4,0,2009,Normal
14,1,1,0,0,1,0,3,0,0,3,2,2,2,4,4,4,4,4,4,4,0,2009,Normal
13,1,1,1,1,2,1,1,1,1,3,2,2,2,2,6,1,3,4,4,4,0,2009,Normal
12,3,3,1,3,2,3,2,3,0,3,2,2,1,2,4,4,4,4,4,4,0,2009,Normal
3,4,5,2,3,1,0,2,1,1,3,2,2,1,2,4,4,4,4,4,4,0,2009,Normal
5,2,5,2,1,1,2,1,1,2,3,3,2,1,2,4,4,4,2,4,4,1,2010,Normal
4,3,2,2,3,2,4,0,2,2,3,3,1,0,0,4,4,4,4,4,4,1,2010,Normal
8,3,1,1,1,2,4,0,2,2,3,3,1,0,3,4,4,4,3,4,4,1,2010,Normal
0,3,3,3,0,2,2,0,0,1,3,3,0,0,3,4,4,4,0,4,4,1,2010,Normal
10,3,3,3,3,1,1,0,3,1,3,3,0,3,3,4,4,4,4,4,4,1,2010,Normal
7,3,0,3,3,0,0,1,3,0,3,3,0,0,3,4,4,4,4,4,4,1,2010,Normal
6,3,1,0,0,0,0,1,0,3,3,3,1,1,1,0,4,4,4,4,4,1,2010,Normal
1,1,1,0,0,1,0,1,0,0,3,3,2,1,2,5,5,4,4,4,4,1,2010,Normal
14,3,1,3,3,2,0,1,3,0,3,3,2,2,3,2,5,4,0,2,4,1,2010,Normal
13,2,3,1,3,2,0,1,3,0,3,3,2,2,4,2,0,2,2,2,2,1,2010,Normal
12,3,3,1,3,3,3,2,3,0,3,3,2,1,2,0,5,5,5,5,2,1,2010,Normal
3,4,5,2,1,2,0,2,1,0,3,3,2,2,2,0,5,5,2,5,2,1,2010,Normal
5,2,5,2,1,1,2,1,2,2,3,1,2,2,2,5,5,0,2,5,2,1,2011,Normal
4,2,2,2,3,2,2,0,2,2,3,1,2,1,2,4,5,0,2,5,5,1,2011,Normal
8,0,1,3,3,2,4,0,2,4,3,1,1,0,0,4,5,0,4,2,5,1,2011,Normal
0,0,0,0,3,3,1,0,0,1,3,1,1,0,3,5,0,0,0,2,5,1,2011,Normal
10,3,3,3,3,1,2,0,0,2,3,1,0,3,3,4,0,0,4,4,5,1,2011,Normal
7,0,0,3,3,0,1,0,3,0,3,1,1,0,3,4,4,5,4,4,5,1,2011,Normal
6,1,1,0,3,0,3,1,0,3,3,1,2,1,2,4,4,5,3,4,2,1,2011,Normal
1,1,1,0,0,1,0,1,0,0,3,1,2,1,2,4,4,5,4,4,2,1,2011,Normal
14,1,1,0,3,1,1,1,0,0,3,1,2,1,2,4,2,0,4,4,4,1,2011,Normal
13,2,2,1,3,3,0,1,3,0,3,1,2,1,2,2,4,0,4,4,4,1,2011,Normal
12,3,5,2,3,2,0,2,0,1,3,1,2,1,2,4,4,0,4,4,4,1,2011,Normal
3,3,5,2,1,1,1,1,1,1,3,1,2,1,2,4,4,4,4,4,4,1,2011,Normal
5,2,5,2,3,2,4,1,2,2,3,0,1,1,1,4,4,4,4,4,4,1,2012,Normal
4,3,2,2,2,2,4,0,3,2,3,0,1,0,3,4,4,4,4,4,4,1,2012,Normal
8,0,1,1,1,2,4,0,2,2,3,0,1,0,0,4,4,4,3,4,4,1,2012,Normal
0,3,3,3,3,2,2,0,1,1,3,0,0,0,3,4,4,4,4,4,4,1,2012,Normal
10,3,3,3,0,1,2,0,0,1,3,0,0,3,3,4,4,4,3,4,4,1,2012,Normal
7,3,3,3,1,0,2,0,1,0,3,0,1,0,3,4,4,4,6,6,4,1,2012,Normal
6,0,0,3,1,0,3,3,1,0,3,0,1,1,1,4,4,4,1,1,4,1,2012,Normal
1,3,1,0,3,0,1,1,1,0,3,0,2,1,2,4,4,4,3,6,3,1,2012,Normal
14,3,1,0,3,1,1,1,3,0,3,0,2,1,2,4,4,4,4,3,0,1,2012,Normal
13,2,2,1,0,2,3,1,0,0,3,0,2,1,2,4,4,4,4,3,4,1,2012,Normal
12,2,2,2,1,2,2,1,1,2,3,0,1,1,1,4,4,4,4,3,3,1,2012,Normal
3,2,2,2,1,1,1,1,1,1,3,0,1,0,3,4,4,4,4,4,3,1,2012,Normal
5,2,3,2,2,1,4,0,2,2,3,0,1,1,1,3,4,4,4,4,3,1,2013,Normal
4,3,2,2,3,2,2,0,2,2,3,0,1,0,3,4,4,4,4,4,3,1,2013,Normal
8,0,1,1,1,2,2,0,1,1,3,0,0,0,3,4,4,4,4,4,0,1,2013,Normal
0,3,3,3,3,2,2,0,0,1,3,0,0,3,3,4,3,4,4,4,3,1,2013,Normal
10,3,3,3,3,1,2,0,0,0,3,0,0,3,3,3,3,4,4,4,4,1,2013,Normal
7,1,1,3,3,0,1,1,0,3,3,0,1,0,3,4,4,4,4,4,4,1,2013,Normal
6,1,1,0,1,4,1,1,1,3,3,0,2,1,2,4,4,4,4,4,4,1,2013,Normal
1,1,1,0,3,1,0,1,0,0,3,0,2,2,4,4,4,4,4,4,4,1,2013,Normal
14,3,1,1,0,1,0,1,0,0,3,0,2,2,4,4,4,4,4,4,4,1,2013,Normal
13,3,1,1,0,2,0,1,0,0,3,0,2,2,2,4,4,3,4,4,4,1,2013,Normal
12,2,2,3,3,2,1,1,0,1,3,0,2,1,2,4,4,4,4,4,4,1,2013,Normal
3,2,5,2,3,1,2,1,2,1,3,0,2,1,2,3,4,4,4,4,4,1,2013,Normal
5,2,5,2,3,1,2,1,2,2,3,0,1,1,1,4,4,4,4,4,4,1,2014,Normal
4,3,2,2,3,2,3,0,2,2,3,0,1,1,1,4,4,4,4,4,4,1,2014,Normal
8,0,1,1,3,1,4,0,2,2,3,0,1,0,3,4,3,4,4,0,4,1,2014,Normal
0,3,3,3,1,2,4,0,1,1,3,0,0,0,3,6,3,4,4,4,4,1,2014,Normal
10,3,3,3,0,1,1,0,0,0,3,0,0,3,3,4,4,4,4,4,4,1,2014,Normal
7,3,3,3,3,0,2,0,0,0,3,0,1,0,3,4,4,4,4,4,4,1,2014,Normal
6,3,0,3,1,4,1,1,1,0,3,0,2,1,2,4,3,4,4,4,3,1,2014,Normal
1,1,1,0,0,0,0,1,0,0,3,0,2,1,2,4,4,3,4,4,0,1,2014,Normal
14,3,3,0,3,1,1,1,0,0,3,0,2,1,2,4,4,6,4,4,4,1,2014,Normal
13,2,2,1,3,3,3,1,3,0,3,0,2,1,2,4,4,4,2,0,4,1,2014,Normal
12,3,3,2,0,2,0,2,0,0,3,0,2,1,2,4,4,4,4,4,4,1,2014,Normal
3,4,5,2,3,1,0,2,1,0,3,0,1,1,1,4,4,4,4,4,4,1,2014,Normal
5,3,5,2,1,2,3,1,1,2,0,0,1,1,1,4,4,4,4,4,4,1,2015,Flood
4,2,2,2,3,2,4,0,2,2,0,0,1,0,3,4,4,4,4,4,4,1,2015,Flood
8,3,1,1,1,2,2,0,1,2,0,0,0,0,3,4,4,4,4,4,4,1,2015,Flood
0,0,0,0,3,3,1,0,3,1,0,0,0,3,3,4,4,4,4,4,4,1,2015,Flood
10,3,0,3,3,2,0,0,3,0,0,0,0,3,3,5,2,4,5,2,4,1,2015,Flood
7,3,0,3,3,0,1,0,3,0,0,0,0,3,3,0,5,4,2,4,4,1,2015,Flood
6,0,0,3,3,0,1,0,0,0,0,0,1,0,0,2,2,4,4,4,4,1,2015,Flood
1,3,0,0,0,1,1,0,0,0,0,0,1,1,1,0,4,4,4,4,4,1,2015,Flood
14,3,1,0,3,2,0,0,3,0,0,0,1,1,1,4,4,4,4,0,4,1,2015,Flood
13,2,1,1,3,3,0,1,3,1,0,0,1,0,3,0,4,4,4,4,4,1,2015,Flood
12,3,3,1,3,2,3,4,3,0,0,0,1,0,3,0,4,4,2,4,2,1,2015,Flood
3,4,5,2,0,1,0,2,0,1,0,0,1,0,0,2,4,2,4,4,2,1,2015,Flood
5,2,5,2,1,1,4,1,1,2,3,0,3,0,3,5,4,2,2,0,2,1,2016,Normal
4,3,2,2,1,2,4,0,1,2,3,0,1,0,3,4,2,2,4,0,2,1,2016,Normal
8,0,0,1,3,2,4,0,1,2,3,0,0,3,3,4,2,2,4,4,2,1,2016,Normal
0,3,3,3,3,2,4,0,3,2,3,0,0,3,3,6,5,4,6,4,4,1,2016,Normal
10,3,3,3,3,1,1,0,3,0,3,0,0,3,3,4,4,4,4,4,4,1,2016,Normal
7,1,1,3,0,0,3,1,0,3,3,0,0,3,3,4,4,4,4,4,4,1,2016,Normal
6,1,1,0,0,0,0,1,0,0,3,0,1,0,3,2,4,4,0,4,4,1,2016,Normal
1,3,0,3,3,0,2,0,3,0,3,0,2,1,2,4,4,2,4,4,4,1,2016,Normal
14,3,1,0,3,0,2,0,1,0,3,0,2,1,2,3,4,4,3,4,4,1,2016,Normal
13,1,1,3,3,3,1,1,0,1,3,0,2,1,2,1,6,4,1,6,3,1,2016,Normal
12,2,2,2,1,2,2,1,1,1,3,0,1,1,1,1,1,6,1,1,1,1,2016,Normal
3,2,5,2,1,1,1,1,1,1,3,0,1,1,1,1,1,1,1,1,1,1,2016,Normal
5,2,5,2,3,1,2,1,2,2,3,0,1,0,0,3,1,1,4,1,0,0,2017,Normal
4,3,2,2,2,2,4,0,4,4,3,0,1,0,3,4,1,1,4,1,0,0,2017,Normal
8,3,1,1,3,2,2,0,1,2,3,0,0,0,3,4,1,6,4,0,6,0,2017,Normal
0,3,3,3,3,2,4,0,0,2,3,0,0,3,3,4,3,6,4,3,6,0,2017,Normal
10,3,3,3,3,1,1,0,3,0,3,0,0,3,3,4,4,1,4,4,1,0,2017,Normal
7,3,0,3,0,0,1,1,3,0,3,0,0,0,3,0,4,1,0,4,1,0,2017,Normal
6,0,0,3,3,0,2,1,0,0,3,0,1,0,3,4,4,1,4,3,1,0,2017,Normal
1,3,1,0,3,1,0,1,3,3,3,0,2,1,2,2,4,6,4,4,6,0,2017,Normal
14,2,1,0,3,2,0,1,3,0,3,0,2,1,2,2,4,3,2,4,4,0,2017,Normal
13,2,1,1,3,3,0,1,3,0,3,0,2,1,2,4,4,4,0,4,4,0,2017,Normal
12,2,2,1,3,1,0,2,3,0,3,0,2,1,2,4,4,4,4,4,4,0,2017,Normal
3,3,5,2,1,1,1,1,1,2,3,0,2,1,2,4,4,4,4,4,4,0,2017,Normal
5,2,5,2,3,2,4,1,2,4,3,0,2,1,2,4,4,4,4,2,4,1,2018,Normal
4,3,2,2,3,1,4,0,2,4,3,0,1,1,1,4,4,4,4,4,4,1,2018,Normal
8,3,1,1,1,2,2,0,1,2,3,0,1,0,3,4,4,4,4,4,4,1,2018,Normal
0,3,3,3,0,2,2,0,0,1,3,0,0,0,3,4,4,4,4,4,4,1,2018,Normal
10,3,0,3,3,2,1,0,3,0,3,0,0,3,3,4,4,4,4,4,4,1,2018,Normal
7,3,0,3,0,0,1,1,0,3,3,0,0,0,3,4,4,4,4,4,4,1,2018,Normal
6,3,3,3,3,4,1,1,0,3,3,0,1,1,1,0,0,4,4,4,0,1,2018,Normal
1,1,1,0,3,0,1,1,0,3,3,0,2,1,2,4,4,4,4,4,4,1,2018,Normal
14,3,1,0,0,2,1,0,0,0,3,0,2,2,4,4,4,4,4,4,4,1,2018,Normal
13,2,2,1,3,3,0,1,3,0,3,0,2,1,2,4,4,4,4,4,4,1,2018,Normal
12,2,2,1,0,2,0,2,0,0,3,0,2,1,2,4,4,4,4,4,4,1,2018,Normal
3,2,2,2,1,1,2,1,1,1,3,0,1,1,1,4,4,4,4,4,4,1,2018,Normal
5,2,5,2,2,1,4,0,2,2,0,3,1,0,0,4,4,4,4,4,4,1,2019,Normal
4,1,1,2,1,1,4,0,1,4,0,3,1,0,0,4,4,4,3,4,4,1,2019,Normal
8,3,0,1,1,2,4,0,1,4,0,3,1,0,3,4,4,4,6,4,4,1,2019,Normal
0,3,3,3,3,2,2,0,0,2,0,3,0,3,3,4,4,4,6,3,4,1,2019,Normal
10,3,3,3,3,1,2,0,3,1,0,3,0,3,3,6,6,4,1,6,3,1,2019,Normal
7,3,3,3,0,0,2,0,0,0,0,3,0,3,3,6,1,4,6,1,3,1,2019,Normal
6,3,0,3,0,0,1,1,0,3,0,3,1,0,3,3,6,4,3,6,3,1,2019,Normal
1,3,1,0,3,0,0,1,3,3,0,3,1,0,3,4,4,4,4,3,3,1,2019,Normal
14,3,1,0,3,1,0,1,3,3,0,3,1,3,1,2,4,4,2,4,4,1,2019,Normal
13,2,2,1,3,3,0,3,3,0,0,3,0,0,3,2,4,4,2,4,4,1,2019,Normal
12,2,2,1,3,2,0,1,3,1,0,3,1,0,3,4,4,4,0,4,4,1,2019,Normal
3,4,5,2,3,1,1,2,0,1,0,3,1,0,3,4,4,4,4,4,4,1,2019,Normal
5,2,2,2,1,2,3,1,1,4,0,0,1,0,3,4,4,4,4,4,4,1,2020,Flood
4,3,2,2,1,1,4,0,1,4,0,0,0,0,3,4,4,4,4,4,4,1,2020,Flood
8,0,1,1,1,2,4,0,1,4,0,0,0,3,3,4,4,4,0,4,4,1,2020,Flood
0,3,3,3,0,2,2,0,0,1,0,0,0,3,3,4,4,4,4,4,4,1,2020,Flood
10,3,3,3,3,2,2,0,3,0,0,0,0,3,3,6,3,4,4,4,4,1,2020,Flood
7,0,0,3,3,0,1,1,3,0,0,0,0,3,3,0,3,4,4,4,4,1,2020,Flood
6,3,1,0,3,1,0,1,3,3,0,0,0,3,3,0,4,4,4,4,4,1,2020,Flood
1,3,1,0,3,1,1,1,3,3,0,0,3,0,3,2,4,4,4,4,4,1,2020,Flood
14,2,1,3,3,1,0,1,3,3,0,0,1,0,0,0,4,4,4,4,4,1,2020,Flood
13,3,1,1,0,2,1,1,3,0,0,0,1,1,1,4,4,4,4,4,4,1,2020,Flood
12,2,2,1,0,1,0,2,3,0,0,0,1,0,0,4,4,4,4,4,4,1,2020,Flood
3,4,5,2,3,1,0,2,3,0,0,4,1,2,4,4,4,4,4,4,4,1,2020,Flood
15,5,6,6,4,5,5,5,5,5,5,5,5,5,5,7,7,7,7,7,7,2,2021,Normal
11,5,4,4,4,5,5,5,5,5,5,5,5,5,5,7,7,7,7,7,7,2,2021,Normal
9,5,6,6,4,5,5,5,5,5,5,5,5,5,5,7,7,7,7,7,7,2,2021,Normal
2,5,6,6,4,5,5,5,5,5,5,5,5,5,5,7,7,7,7,7,7,2,2021,Normal
